Unnamed: 0,Symbol,Stock,Post Flair,Score,Upvote ratio,Number of Comments,Post Date,Post Id,Posted by,Total Awards Received,Date,Present Day,-1,+1,-2,+2,-3,+3,-4,+4,-5,+5,-6,+6,-7,+7,-8,+8,-9,+9,-10,+10,-11,+11,-12,+12,-13,+13,-14,+14
0,MDMP,MDMP,Catalyst,1,1.0,2,1616001090,m75a8w,t2_1qo3uqmr,0,2021-03-17,0.435,0.3,0.36,0.412,0.306,0.412,0.27,0.412,0.27,0.59,0.27,0.5,0.27,0.25,0.225,0.02,0.16,0.022,-1.0,0.022,-1.0,0.022,-1.0,0.02,-1.0,0.018,-1.0,0.02,-1.0
1,MDMP,MDMP,Catalyst,1,1.0,2,1616000115,m74w91,t2_1qo3uqmr,0,2021-03-17,0.435,0.3,0.36,0.412,0.306,0.412,0.27,0.412,0.27,0.59,0.27,0.5,0.27,0.25,0.225,0.02,0.16,0.022,-1.0,0.022,-1.0,0.022,-1.0,0.02,-1.0,0.018,-1.0,0.02,-1.0
3,RXMD,RXMD,Bullish :Bullish:,1,1.0,11,1615998493,m74adl,t2_3ceuhio8,0,2021-03-17,0.136,0.12,0.132,0.129,0.135,0.129,0.135,0.129,0.135,0.13,0.135,0.13,0.135,0.139,0.133,0.14,0.128,0.131,-1.0,0.131,-1.0,0.131,-1.0,0.125,-1.0,0.117,-1.0,0.15,-1.0
4,GRNQ,Greenpro Capital,Bullish :Bullish:,1,1.0,6,1615998413,m749b6,t2_a87l8g0x,0,2021-03-17,2.78,2.4,2.62,2.88,2.65,2.88,2.73,2.88,2.73,2.39,2.73,2.23,2.78,2.11,2.94,2.23,2.9,2.01,-1.0,2.01,-1.0,2.01,-1.0,1.84,-1.0,1.88,-1.0,2.41,-1.0
5,AABB,AABB,General Discussion,1,1.0,11,1615997614,m73yi9,t2_4fjifg48,0,2021-03-17,0.38,0.34,0.3999,0.271,0.4749,0.271,0.354,0.271,0.354,0.1639,0.354,0.1437,0.323,0.1495,0.2909,0.1548,0.3183,0.1542,-1.0,0.1542,-1.0,0.1542,-1.0,0.1652,-1.0,0.137,-1.0,0.1737,-1.0
6,SIEB,Siebert Financial,DD :DD:,1,1.0,4,1615996125,m73ea3,t2_970bx,0,2021-03-17,5.32,5.21,5.18,5.4,4.98,5.4,4.98,5.4,4.98,5.75,4.98,5.87,4.78,4.3,4.44,4.49,4.38,4.24,-1.0,4.24,-1.0,4.24,-1.0,4.14,-1.0,4.1,-1.0,4.37,-1.0
7,ITI,Iteris,General Discussion,1,1.0,3,1615995580,m7372u,t2_72nupdcj,0,2021-03-17,6.67,6.37,6.66,6.36,6.55,6.36,6.39,6.36,6.39,6.49,6.39,6.61,6.36,6.5,6.07,6.6,6.0,6.5,-1.0,6.5,-1.0,6.5,-1.0,5.8,-1.0,6.12,-1.0,6.77,-1.0
9,RNWR,RNWR,General Discussion,1,1.0,3,1615994887,m72xs3,t2_56g8v,0,2021-03-17,0.7,0.7699,0.6459,0.696,0.65,0.696,0.6105,0.696,0.6105,0.6349,0.6105,0.65,0.62,0.5,0.506,0.42,0.46,0.27,-1.0,0.27,-1.0,0.27,-1.0,0.34,-1.0,0.34,-1.0,0.33,-1.0
10,DTGI,DTGI,Stock Info :stonk:,1,1.0,13,1615994859,m72xer,t2_ly9po,0,2021-03-17,0.207,0.17,0.23,0.154,0.22,0.154,0.2099,0.154,0.2099,0.1369,0.2099,0.1297,0.21,0.12,0.195,0.127,0.1878,0.12,-1.0,0.12,-1.0,0.12,-1.0,0.1106,-1.0,0.1188,-1.0,0.11,-1.0
13,SEEL,Seelos Therapeutics,Catalyst,1,1.0,3,1615994447,m72rzz,t2_9clq3fju,0,2021-03-17,4.2,4.58,4.09,4.31,4.32,4.31,4.27,4.31,4.27,4.75,4.27,3.04,4.08,2.95,3.85,3.02,4.53,2.83,-1.0,2.83,-1.0,2.83,-1.0,2.6,-1.0,2.66,-1.0,2.95,-1.0
14,IP,International Paper,Catalyst,1,1.0,5,1615993509,m72ff7,t2_9kd52da5,0,2021-03-17,54.16,53.05,53.92,53.45,53.58,53.45,52.63,53.45,52.63,54.02,52.63,53.91,51.54,54.62,52.2,54.79,54.34,55.7,-1.0,55.7,-1.0,55.7,-1.0,54.15,-1.0,52.05,-1.0,53.22,-1.0